c1,c2,c3,l1,l2,l3,name,c1m1,c1m2,c1m3,c1m4,c1m1,c1m2,c1m3,c1m4,c1m1,c1m2,c1m3,c1m4
squibblesnail,skittercrab,squid,31,31,31,jimbo,smite,thought,none,none,smite,thought,none,none,smite,thought,none,none
squablesnail,scattercrab,bigsquid,31,31,31,jimbo,smite,thought,none,none,smite,thought,none,none,smite,thought,none,none
scramblesnail,shattercrab,biggestsquid,31,31,31,jimbo,smite,thought,none,none,smite,thought,none,none,smite,thought,none,none
squibblesnail,squablesnail,scramblesnail,31,31,31,jimbo,smite,thought,none,none,smite,thought,none,none,smite,thought,none,none
skittercrab,scattercrab,shattercrab,31,31,31,jimbo,smite,thought,none,none,smite,thought,none,none,smite,thought,none,none
squid,bigsquid,biggestsquid,31,31,31,jimbo,smite,thought,none,none,smite,thought,none,none,smite,thought,none,none
cuircuit,zip,zap,31,31,31,jimbo,smite,thought,none,none,smite,thought,none,none,smite,thought,none,none
ember,flickerfly,flitfly,31,31,31,jimbo,smite,thought,none,none,smite,thought,none,none,smite,thought,none,none
hedge,suculent,cactus,31,31,31,jimbo,smite,thought,none,none,smite,thought,none,none,smite,thought,none,none
cloud,billow,howl,31,31,31,jimbo,smite,thought,none,none,smite,thought,none,none,smite,thought,none,none
rock,wiggleworm,waggleworm,31,31,31,jimbo,smite,thought,none,none,smite,thought,none,none,smite,thought,none,none
waggleworm,skimray,howl,31,31,31,jimbo,smite,thought,none,none,smite,thought,none,none,smite,thought,none,none
zap,cactus,flitfly,31,31,31,jimbo,smite,thought,none,none,smite,thought,none,none,smite,thought,none,none
biggestsquid,skimray,zap,31,31,31,jimbo,smite,thought,none,none,smite,thought,none,none,smite,thought,none,none
shattercrab,waggleworm,cactus,31,31,31,jimbo,smite,thought,none,none,smite,thought,none,none,smite,thought,none,none
scramblesnail,howl,flitfly,31,31,31,jimbo,smite,thought,none,none,smite,thought,none,none,smite,thought,none,none
bell,item,item2,31,31,31,jimbo,smite,thought,none,none,smite,thought,none,none,smite,thought,none,none
skimray,skimray,skimray,31,31,31,jimbo,smite,thought,none,none,smite,thought,none,none,smite,thought,none,none
dragon,skull,ardu,31,31,31,jimbo,smite,thought,none,none,smite,thought,none,none,smite,thought,none,none
skittercrab,squid,squibblesnail,31,31,31,jimbo,slipfall,dirtburst,none,none,splash,squirt,none,none,breeze,bellow,none,none
skimray,waggleworm,flitfly,31,31,31,jimbo,splash,pollen,soak,root,dirtburst,melt,bellow,none,burn,bellow,melt,deepthought
rock,shattercrab,biggestsquid,31,31,31,jimbo,dirtburst,wisper,Ironbody,slipfall,slipfall,bolt,plasma,dirtburst,splash,current,melt,soak
bell,hedge,cloud,31,31,31,jimbo,wisper,Sharpen,none,none,root,rejuvinate,pollen,none,blow,zap,sweep,torrent
ardu,dragon,skull,31,31,31,jimbo,elderSlam,zap,shatter,root,elderBurst,torrent,blast,burst,elderBurst,melt,dirtburst,smite
