tree,variant,flash_bytes,static_bytes,text_bytes,data_bytes,released_flash_bytes,build_seconds
baseline,control,27678,1787,27588,90,0,1
baseline,no-save,25416,1782,25326,90,2262,1
baseline,no-battle,9306,1727,9276,30,18372,1
baseline,no-world,23164,1752,23082,82,4514,1
baseline,no-vm,26310,1760,26220,90,1368,1
baseline,no-scene-render,25484,1783,25398,86,2194,1
baseline,simple-ai,26680,1787,26590,90,998,1
baseline,no-presentation,23772,1763,23706,66,3906,1
baseline,no-battle-menus,24104,1771,24030,74,3574,6
baseline,no-plant-growth,27592,1787,27502,90,86,6
baseline,no-animator,27458,1787,27368,90,220,6
draft,control,31110,1870,31014,96,0,2
draft,no-save,25392,1652,25302,90,5718,1
draft,no-battle,12796,1810,12760,36,18314,1
draft,no-world,26944,1835,26856,88,4166,1
draft,no-vm,29868,1843,29772,96,1242,2
draft,no-scene-render,29072,1866,28980,92,2038,1
draft,simple-ai,30158,1870,30062,96,952,2
draft,no-presentation,27262,1846,27190,72,3848,1
draft,no-battle-menus,28030,1854,27950,80,3080,6
draft,no-plant-growth,31024,1870,30928,96,86,6
draft,no-animator,30966,1870,30870,96,144,6
